title,address,city,state,price,bedrooms,bathrooms
BRAND NEW Eastern Park Townhomes # 302,765 E 550 S,American Fork,UT,1250,3,2
Relax...you're home!,521 S 500 E,American Fork,UT,1099,1,1
$0 DEPOSIT - SPACIOUS AND BRAND NEW 3 BDRMS!!,465 S 830 E,American Fork,UT,1649,3,2.5
Basement Apartment Rooms for Rent – Females Only,693 N 540 W,American Fork,UT,525,3,1
1 bedroom home must see!,400 South 860 East,American Fork,UT,1090,1,1
"2 Bedroom Condo, Washer and Dryer included!",446 E 400 S,American Fork,UT,1125,2,1
Easton Park in American Fork: Condos,740 E 530 S,American Fork,UT,995,1,1
"Charming 3-Bed, 2-Bath Condo w/Storage!",698 E 500 S,American Fork,UT,1265,3,2
"Gorgeous 1-Bed, 1-Bath Condo in Easton Park!",823 E 550 S,American Fork,UT,995,1,1
"$1649/mth for 1700 sq ft, 3 bdrms, 2 car garage!!",465 S 830 E,American Fork,UT,1649,3,2.5
Spacious 2-Story Tucker Model in American Fork!,795 E 500 S Unit A,American Fork,UT,1375,3,2.5
"American Fork Townhome w/ Garage, Upgrades!",734 E 550 S,American Fork,UT,1425,3,2.5
When Only the Best Will Do!,521 S 500 E,American Fork,UT,1499,2,2.5
Luxury 2 Bed 2 Bath with Garage!,302 S 740 E,American Fork,UT,1470,2,2
Call Today!,400 South 860 East,American Fork,UT,1498,3,2
American Fork 4 bed townhome,167 N 450 W,American Fork,UT,1595,4,2.5
3 Bedroom 2 Bath Apartment,400 South 860 East,American Fork,UT,1500,3,2
Luxury 2 Bedroom 1 Bath!,302 S 740 E,American Fork,UT,1380,2,1
Relax...you're home!,521 S 500 E,American Fork,UT,1699,3,2.5
American Fork 3 Bed/ 2 Bath Home with Garage/RV,1199 N 250 W,American Fork,UT,1650,3,2
Nice 5 Bdrm 3.5 bath home in American Fork,325 W 1360 N,American Fork,UT,2100,5,3.5
Quiet country home,7624 N 7230 W,American Fork,UT,1400,3,1
MOVE TODAY!,400 South 860 East,American Fork,UT,1260,2,2
****Restrictions apply,465 S 830 E,American Fork,UT,1649,3,2.5
Brand New Spacious Townhome Heart of Highland,10898 N Slate Ln,Highland,UT,2400,4,3.5
Exec Apartment - utilities/cable/internet included,636 High Ridge Ln,Alpine,UT,1350,2,1
Newly built apartment: utilities/internet included,636 High Ridge Ln,Alpine,UT,1900,3,2
Alpine Duplex  / Alpine Rental / Alpine Apartment,273 S Main St,Alpine,UT,1055,2,1
"$1,000 - 1 bed / 1 bath home for rent",86 E Center St,Alpine,UT,1000,1,1
Alpine Dream Home,533 Mountainville Dr,Alpine,UT,5200,6,5
OrchardView Smart Apartment,206 Sunset Dr,Alpine,UT,1100,1,1
Eagle Heights Village,4000 N Lake Mountain Blvd,Eagle Mountain,UT,1500,3,2
Eagle Heights Village,4000 N Lake Mountain Blvd,Eagle Mountain,UT,1500,3,2
Gorgeous Townhomes in Eagle Mountain!,4102 E Sunbury Ln,Eagle Mountain,UT,1325,3,2.5
Lovely 2-Story Upgraded Townhome in Dublin Farms!,8175 N Oconnell Ln,Eagle Mountain,UT,999,3,2.5
Charming 2-Story Townhome in Eagle Mountain!,4167 E Parnell Ln,Eagle Mountain,UT,799,3,2.5
Beautiful 2-Story Delinda in Eagle Mountain!,4171 E Parnell Ln,Eagle Mountain,UT,799,3,2.5
Charming New Townhomes in Eagle Mountain!,4211 E O'Connell Lane,Eagle Mountain,UT,999,3,2.5
Beautiful Townhomes!,3931 E Cardon Ln,Eagle Mountain,UT,1600,3,2.5
Great 3 bed Condo in The Ranches of Eagle Mountain,8212 N Cedar Springs Rd,Eagle Mountain,UT,1195,3,2
3 Bed Townhome,7891 N Wycliffe Way,Eagle Mountain,UT,1475,3,2.5
Beautiful Townhouse for Rent - Just Reduced!,4292 E Cotton Dr,Eagle Mountain,UT,1700,3,2.5
Fantastic 3 bedroom house in Eagle Mountain,3858 E Cascade Rd,Eagle Mountain,UT,1695,4,3.5
No Security Deposit Option!!! Eagle Mtn Home,7963 N Smith Ranch Rd,Eagle Mountain,UT,1695,4,3
UT13650 Beautiful Brand New Home 5BR/3.5BA,2281 E Tumbleweed Rd,Eagle Mountain,UT,2095,5,3.5
VAULTED CONDO IN THE RANCHES,8176 N Cedar Springs Rd,Eagle Mountain,UT,1250,3,2
Well-kept condo with amenities,8198 N Cedar Springs Rd,Eagle Mountain,UT,1250,3,2
"2 bedroom, 1 bath basement apt",1085 E Hunter Ln,Eagle Mountain,UT,1200,2,1
$550 two female rooms,8058 N Ridge Loop W,Eagle Mountain,UT,550,2,1
3Bd 2Ba Eagle Mountain Condo with Great Views!,8043 N Ridge Loopp East #J9,Eagle Mountain,UT,1175,3,2
Beautiful Townhome Behind Ridleys in Eagle Mtn,8181 N Broken Spoke Ln,Eagle Mountain,UT,1325,3,2.5
Large basement apartment,1060 E Searle Ln,Eagle Mountain,UT,1200,2,1
Luxury Townhome in Eagle Mountain City Center!,1689 E Talon Way,Eagle Mountain,UT,1400,3,2.5
"Porter's Crossing 3BR, 2.5BA, 1756sq ft",8169 N Broken Spoke Ln,Eagle Mountain,UT,1345,3,2.5
Single Family Top half for Rent,1632 E Tumwater Ln,Eagle Mountain,UT,1600,3,2
$425 Female room,3586 E Rock Creek Rd,Eagle Mountain,UT,425,3,3.5
2 Bedroom Townhome Coming soon! Prelease Today!,1638 W Wildwood Drive,Lindon,UT,1529,3,2.5
Capri- Available now!,179 N State St,Lindon,UT,1159,2,1
"Stunning, spacious house in Lindon! Must see!",1547 W 630 N,Lindon,UT,1995,4,2.5
Mindoro,179 N State St,Lindon,UT,1201,2,2
Balta,179 N State St,Lindon,UT,956,1,1
Lindon 85 Home,85 N Main St,Lindon,UT,1300,3,1
Brand New 2 Bed Bellevue Townhome! Reserve Now!,1638 W Wildwood Drive,Lindon,UT,1529,2,2.5
Rooms for Rent,630 W 10 N,Lindon,UT,400,4,2
3 bed 1.5 Bath Triplex unit in Lindon,475 S 400 W,Lindon,UT,1150,3,1.5
1 Room open for Male Roommate,268 N 980 E,Lindon,UT,385,1,1
In-Law Basement Apartment LIndon East Bench,886 E 400 N,Lindon,UT,1200,2,1
1  Bed apartment,123 E 200 S,Lindon,UT,880,1,1
"2 Bedroom, 1 Bath | Ultimate Renting Experience",607 E 340 N,Lindon,UT,1000,2,1
Get Up To $300 Off August On A 12 Month Contract!,4151 N Traverse Mountain Blvd,Lehi,UT,1159,1,1
"When Minutes Matter, Live Where You Work and Play!",1532 N Rosa Lane,Saratoga Springs,UT,1819,4,3.5
Get $400 Off August On A 12-Month Contract!,4151 N Traverse Mountain Blvd,Lehi,UT,1299,2,1
Get $500 Off August On A 12-Month Contract!,4151 N Traverse Mountain Blvd,Lehi,UT,1599,3,2
Stunning 3 Bedroom Apartment Ready To Reserve!,3315 N Center St,Lehi,UT,1739,3,2
Spacious Duplex minutes from UVU,1068 W 300 S,Lehi,UT,1000,3,2
Move-in Special Half-off First Month,4443 N Foxtrail Dr,Lehi,UT,2150,3,2.5
Massive & Brand New 2x2 Home Coming Available 9/1!,1350 E 200 S,Lehi,UT,1544,2,2
Get $400 Off August On A 12-Month Contract!,4151 N Traverse Mountain Blvd,Lehi,UT,1379,2,2
"OFFICE SUITES, in Historic Lehi Bldg",195 W Main St,Lehi,UT,425,0,0
Spacious Basement Apartment in East Lehi,2068 N Hidden Creek Dr,Lehi,UT,1300,2,1
Astonishing Home in Newland Loop,3424 W Newland Loop,Lehi,UT,1650,4,3
Spacious Floor Plans with Beautiful Mountain Views,4125 N 3250 W,Lehi,UT,1005,2,1
Get $400 Off August On A 12-Month Contract!,4151 N Traverse Mountain Blvd,Lehi,UT,1399,2,2
Spacious 2 Bedroom Available!,4125 N 3250 W,Lehi,UT,1005,2,1
"Spacious 1x1 Home with Balcony, Available 9/1!",1350 E 200 S,Lehi,UT,1185,1,1
NORTH LEHI HOME BEHIND ADOBE,2818 W Chestnut St,Lehi,UT,2400,4,2.5
**1/2 off first month's rent**Lehi Town Home,1946 N Hollow Ct,Lehi,UT,1585,3,2.5
North Lehi Townhome- Available Now!,1575 W 3180 N,Lehi,UT,1450,3,2.5
GORGEOUS - New Carpet & New Paint - MUST SEE,880 N 500 W,Lehi,UT,1150,2,1
Stunning Lehi Townhome,364 N Grassland Dr,Lehi,UT,1800,5,2
Beautiful Town home at Traverse Mountain,4299 Cresthaven Ln,Lehi,UT,1600,3,3
"Female tenant, Master Room with Priv. Bth for $750",2183 W 1170 S,Lehi,UT,750,4,3
Love Where You Live! Town Homes Ready for Move-in!,1532 N Rosa Lane,Saratoga Springs,UT,1669,3,2.5
July Free on 3 Bed/2.5 Bath Townhome in Lehi,2854 N 1230 W,Lehi,UT,1425,3,2.5
Stunning Saratoga Springs Townhome,2032 N Churchill Dr,Saratoga Springs,UT,1445,3,2.5
Brand New Townhome with Lake Views!,328 E Wren Hill Ln,Saratoga Springs,UT,1800,4,3
Gorgeous mid-level 3 bed condo in N Saratoga Spr,2001 N Crest Road,Saratoga Springs,UT,1295,3,2
$200 OFF 1ST MONTH'S RENT - BEAUTIFUL TOWNHOME,247 E Sunshine Dr,Saratoga Springs,UT,1695,4,3.5
Incredible Apartment,1256 N Commerce Dr,Saratoga Springs,UT,1149,1,1
BRAND NEW 3-BEDROOM CONDO IN SARATOGA SPRINGS,1761 W Terra Vista Dr,Saratoga Springs,UT,1460,3,2
MOVE IN SPECIAL: HALF-OFF FIRST MONTH'S RENT,1954 N Crest Rd,Saratoga Springs,UT,1500,3,2
"Clean 3 Bed 2.5 Bath, landlord paid utilities",3562 S Harrier Dr,Saratoga Springs,UT,1650,3,2.5
REDUCED PRICE,1256 N Commerce Dr,Saratoga Springs,UT,1579,3,2
"3 bd/2 ba condo in Harvest Hills, Saratoga Springs",23 W Ridge Rd,Saratoga Springs,UT,1125,3,2
Large 3 bed Town Home in Central Saratoga,108 E River View Dr,Saratoga Springs,UT,1550,3,3
Great 3 bed house in Harvest Hills,343 Strawberry Place,Saratoga Springs,UT,1400,3,2.5
Knauer Condo 163,163 W Spring View Dr Bldg #E,Saratoga Springs,UT,1200,3,2
Single-Family Home - Saratoga Springs - Dog OK,835 Saratoga Dr,Saratoga Springs,UT,1650,3,2
Beautiful Townhome with great mountain views.,437 S Pegasus Way,Saratoga Springs,UT,1800,3,2
PRICE REDUCTION,1256 N Commerce Dr,Saratoga Springs,UT,1299,2,2
Saratoga Springs Condo Available July 15th,247 W Ridge Rd,Saratoga Springs,UT,1400,3,2
PRICE REDUCTION,1258 N Commerce Dr,Saratoga Springs,UT,1299,2,2
Brand New Harvest Hills Town Home,128 W Harvest Villiage Ln,Saratoga Springs,UT,1800,3,2.5
3 Bd 2 Bath Condo with 1 Car Garage,61 W Ridge Rd,Saratoga Springs,UT,1395,3,2
Brand new 3 Bedrooms 2 bathroom home!,1772 W Terra Vista Dr,Saratoga Springs,UT,1495,3,2
"Elegant, Brand New 3br/2ba Home w/ Garage",1772 W Terra Vista Dr,Saratoga Springs,UT,1475,3,2
Legacy Farms Town Home,188 E Boxcar Ln,Saratoga Springs,UT,1800,3,2
Most Affordable 3 Bedroom in Saratoga Springs,2252 N Harvest Moon Dr,Saratoga Springs,UT,1500,3,2.5
NEWLY REMODELED condo with vaulted ceiling!,2121 N Aurora Way,Saratoga Springs,UT,1300,3,2
"1 Bed 1 Bath, Vaulted Ceiling, Great View!",355 W 920 N,orem,UT,1149,2,1
Beautiful One Bedroom With Gorgeous Mountain Views,40 N Orem Blvd,Orem,UT,1030,1,1
Ideal Orem Location! Close to Shopping and Schools,355 W 920 N,orem,UT,1149,1,1
Gorgeous 2 Bedroom 2 Bathroom! Pet Friendly!,1080 N State St,Orem,UT,1089,2,2
Beautiful 3 bed 2 bath Orem condo!,1226 W 1420 N,Orem,UT,1195,3,2
"Remarkable value, Unbeatable location! 2 bedroom!",855 N 820 W,Orem,UT,1288,2,2
Welcome to your new apartment home!,1042 W Center Street,Orem,UT,1064,1,1
3 bed 2.5 bath Townhome- Washer/Dryer included!,474 N 1235 W,Orem,UT,1350,3,2.5
"Beautiful, Top Floor 3 Bed 2 Bath! Gorgeous View!",355 W 920 N,orem,UT,1699,3,2
Nice Secluded Top Floor Apartment with Garage Spot,1503 N 1100 W,Orem,UT,1200,2,1
Awesome 2bed in Orem with washer & dryer hookups!,761 N 235 E,Orem,UT,1075,2,1
SUPER DEAL! Pet Friendly! 2 Bed 2 Bath!!,1080 N State St,Orem,UT,1089,2,2
Updated 2 Bed 2 Bath Duplex In Perfect Location!,663 N 980 W,Orem,UT,1150,2,1.5
Updated Orem Duplex in Great Location!,661 N 980 W,Orem,UT,1150,2,1.5
ALL appliances are included!!,1042 W Center Street,Orem,UT,1271,2,2
One Bedroom with Carport,855 N 820 W,Orem,UT,1094,1,1
Attractive Lower Level Two Bedroom in a Four plex,371 E 650 N,Orem,UT,875,2,1
Pre-lease a gorgeous unit and get $200 off!,1080 N State St,Orem,UT,1299,3,2
"3 bedroom, beautiful townhome for rent!",1042 W Center Street,Orem,UT,1691,3,2.5
3 Bed 2 Bath with amazing deal!,1080 N State St,Orem,UT,1299,3,2
"Dreamy Walk In Closet, Spacious One Bedroom!",40 N Orem Blvd,Orem,UT,1040,1,1
"Beautiful 2 bed, 2 bath, 1,220 sqf, Condo",283 E 760 N,Orem,UT,1200,2,2
Great 2 Bedroom Duplex,377 N 760 W,Orem,UT,900,2,1
One of a kind townhome for rent!,1042 W Center St,Orem,UT,1461,2,2.5
Wendelboe #108,136 E 400 N,Orem,UT,1000,2,2
Brand New Studio next to UVU,499 W 960 S,Orem,UT,1099,0,1
Fall 2020 Student Housing Opening in August!!,499 W 960 S,Orem,UT,549,4,4
Resort Style and a Luxury Feel... Perfect!,250 N Mill Road,Vineyard,UT,1245,2,2
Gorgeous 2 Bed 2 Bath! Easy Freeway Access!!,1401 Sandhill Rd,Orem,UT,1300,2,2
Affordable Luxury Student Living!,1421 W 800 S,Orem,UT,529,1,1
Mountain View! Vaulted Ceilings! And Garage!,1225 West 1000 South,Orem,UT,1230,1,1
New Construction 2 Bedroom House,449 S 1100 W,Orem,UT,1300,2,1
Direct Access Garage! One Month Free Rent!,100 S Geneva RD,Vineyard,UT,1431,2,2
Condo in Great Location-View Today!,138 E 1460 S,Orem,UT,925,2,1
DON'T MISS OUT! Reserve today!!,625 S Orem Blvd,Orem,UT,1222,2,2
Private Rooms Close to Campus!,865 S Geneva Rd,Orem,UT,525,4,2
Two Bedroom One Bath $1250 Near UVU!,530 S 1200 W,Orem,UT,1285,2,1
Immaculate 2 bed Condo in Central Orem,119 E 600 S,Orem,UT,900,2,1
$499 Moves you in!! Call us TODAY!!,1757 Village Ln,Orem,UT,1349,3,2
"Spacious 3 bed 1 bath duplex, Carport and storage",273 E 1500 S,Orem,UT,1150,3,1
4 Bedroom Loft Available Soon - Lease Today!,320 S State St,Orem,UT,2500,4,2
South Orem Duplex,1446 S 280 E,Orem,UT,900,2,1.5
Only $299 to reserve today!,625 S Orem Blvd,Orem,UT,1237,2,2
Wolverine Crossing! UVU Student Housing,1270 W 1130 S,Orem,UT,385,3,3
"Private room, Shared bath.",720 S 1200 W,Orem,UT,489,4,2
Our Pricing Dropped - One Bedroom $1100!,320 S State St,Orem,UT,1100,1,1
One Month Free!!,100 S Geneva RD,Vineyard,UT,1126,1,1
One Single Room Male for Rent,228 W Silver Springs Dr,Vineyard,UT,705,1,1
3 Bedroom You'll Fall In Love With!,1225 West 1000 South,Orem,UT,1645,3,2
Darling Newly Renovated Upstairs 3-Bedroom Unit,1058 S Ellen Cir,Orem,UT,1200,3,1
Single Female Rooms - West Orem Townhouse,691 S 1840 W,Vineyard,UT,619,4,2.5
"Vineyard's Newest Community, Leasing  2 Bdrms!",355 N Mill Rd,Vineyard,UT,1239,2,2
Open Floor Plan 1 bedrooms,355 N Mill Rd,Vineyard,UT,1039,1,1
Marvelous Vineyard Condo,518 N 360 W,Vineyard,UT,1550,3,2
New Condo in Vineyard,522 N 360 W,Vineyard,UT,1550,3,2
Tucker Row in Vineyard: 3-Story Payton V3,190 E 630 N,Vineyard,UT,1320,3,2.5
New With a View Beautiful 1 Bedroom,355 N Mill Rd,Vineyard,UT,1039,1,1
Dwell Well in this 3 bedroom!,355 N Mill Rd,Vineyard,UT,1449,3,2
2 bed 2 bath Lakeside Living at Mill Point,355 N Mill Rd,Vineyard,UT,1239,2,2
Great 3 Bedroom 2.5 Bath Vineyard Townhouse!,687 N 30 E,Vineyard,UT,1400,3,2.5
Beautiful Home. $1500 mthly. 2 wks free prior 15th,339 E 210 N,Vineyard,UT,1500,3,2
Brand New Apartment in Vineyard,111 N 300 E,Vineyard,UT,1495,3,1
Single Female Rooms in Gorgeous Orem Townhouse,1829 W 680 S,Vineyard,UT,619,4,2.5
Master Bedroom Orem Townhouse - Single Females,1831 W 680 S,Vineyard,UT,650,4,2.5
Private Master Bedroom/Bathroom,351 N 680 E,Vineyard,UT,650,3,3
Main Floor Master Bedroom w Private Bathroom,351 N 680 E,Vineyard,UT,600,3,3
Private Room Private Bathroom,351 N 680 E,Vineyard,UT,550,3,3
PRIVATE ROOM IN VINEYARD TOWNHOUSE,699 E 330 N,Vineyard,UT,500,1,1
Brand New Townhome in Vineyard,272 W 530 N,Vineyard,UT,1900,3,2.5
Brand New! 4 Bedroom Vineyard Townhome (End unit),278 W 630 N,Vineyard,UT,2000,4,2.5
New 3 Bed Townhome Lakefront at Vineyard,267 W 590 N,Vineyard,UT,1750,3,2.5
Beautiful Home,1795 Springwater Dr,Vineyard,UT,1900,4,2.5
"3 Bed 2.5 Bath With Pool, Gym, Splash pad and View",75 E 700 N,Vineyard,UT,1450,3,2.5
Brand New Condo,548 N 360 W,Vineyard,UT,1500,3,2
Townhome for rent in Orem/Vineyard!,838 S 1810 W,Vineyard,UT,1700,3,2.5
"Look Today, Lease Tomorrow, and SAVE BIG!",2275 W 250 S,Pleasant Grove,UT,1439,3,2
Large Living Room!!,203 W Center St,Pleasant Grove,UT,1350,3,2
Great move in Special.  Come in today!,2275 W 250 S,Pleasant Grove,UT,1349,2,2
Large 2 Bedroom Apt. in Pleasant Grove!!,884 W 700 S,Pleasant Grove,UT,1189,2,2
BEAUTIFUL HOME IN PLEASANT GROVE,644 S 2310 W,Pleasant Grove,UT,1850,3,2.5
3 bedroom property New Carpet New Paint,1685 Garden Dr,Pleasant Grove,UT,1250,3,1.5
Townhome w/ Natural Light & Park View! Tour Today!,2268 W 670 S,Pleasant Grove,UT,1529,2,2.5
HUGE WALK IN CLOSET,203 W Center St,Pleasant Grove,UT,1035,1,1
3 Bed 2.5 Bath Townhome! Prelease today!!,2267 W 670 S,Pleasant Grove,UT,1429,3,2.5
Beautiful 3 BD/2.5 BA townhome for Rent in PG!,32 S 1520 W,Pleasant Grove,UT,1425,3,2.5
Ground Level 3 bed Condo at Cambria in Pleasant Gr,1171 W Dallin Dr,Pleasant Grove,UT,1295,3,2
Spacious 4 BD/3.5 BA Home for Rent in PG,976 N 1020 E,Pleasant Grove,UT,1795,4,3.5
Renovated 2 bed 2 bath Apt. Available,884 W 700 S,Pleasant Grove,UT,1299,2,2
"2 bedroom, 2 bath in Pleasant Grove",133 N 1270 W,Pleasant Grove,UT,1300,2,2
SPACIOUS SINGLE FAMILY HOME IN CEDAR HILLS!,10415 N Tamarack Way,Cedar Hills,UT,2200,5,3
Come Tour Our Pet Friendly Community!,2275 W 250 S,Pleasant Grove,UT,1189,1,1
LG First Level 3 bedroom Condo,1249 W 110 N,Pleasant Grove,UT,1350,3,2
Beautiful 3 bed 2 bath with pool!,661 S 2220 W,Pleasant Grove,UT,1275,3,2
Luxury 3x2.5 Town Homes,100 N Main St,Pleasant Grove,UT,1529,3,2.5
3 Bedroom Condo For Rent in Pleasant Grove,1935 W 800 N,Pleasant Grove,UT,1150,3,1.5
1BR/1BA..Great location in Pleasant Grove!,884 W 700 S,Pleasant Grove,UT,1009,1,1
"2 bed 1 bath home in PG, newly renovated bathroom!",280 S 100 W,Pleasant Grove,UT,1500,2,1
Spacious 3 Bedroom 2 Bathroom Town home,647 S Steeple Chase Road,Pleasant Grove,UT,1300,3,2
3 Bed/2 Bath Condo in Pleasant Grove,488 S 910 W,Pleasant Grove,UT,1300,3,2
Pleasant Grove Pet friendly 4 plex,482 E 820 S,Pleasant Grove,UT,950,2,1.5
Enjoy The Summer at The Devon at University Place!,875 S 700 E,Orem,UT,999,0,1
One Bed with Vaulted Ceilings with Mountain View!,560 E Park Ave,Orem,UT,1450,1,1
Beautiful end unit town home in Orem!,1782 S 750 E,Orem,UT,1400,3,2.5
3 Private Female Rooms.  Nice townhouse. yard.,763 E 1700 S,Orem,UT,395,5,4
Spacious 3 Bedroom with Dining Area! Tour Today!,875 S 700 E,Orem,UT,1729,3,2
Eldorado: 1485 S 550 E,1485 S 550 E,Orem,UT,850,2,1
Sun Canyon Villas,453 S Orem Blvd,Orem,UT,1195,2,1
Orem- 2 bedroom/1 bathroom Apartment,1632 S 740 E,Orem,UT,925,2,1
$500 Off Move In! Available NOW! Tour Today!,730 E 950 S,Orem,UT,1489,3,2
Tour Today To Learn About Our Move in Specials!,875 S 700 E,Orem,UT,1369,2,2
Furnished Apartment  - Short terms available!,1851 S Columbia Ln,Orem,UT,1500,1,1
Office #2,1431 S 550 E,Orem,UT,425,0,1
We have the perfect place for you! Tour today!,730 E 950 S,Orem,UT,1489,3,2
3 Bedroom Looking over Orchard Park and Moutains!,560 E Park Ave,Orem,UT,2444,3,2
Hot deals! 1 bed 1 bath apartments available NOW!,1851 S Columbia Ln,Orem,UT,1050,1,1
Open Today! Tour and move in next week!,730 E 950 S,Orem,UT,1249,2,2
FANTASTIC VIEWS 1x1 WITH A DEN AVAILABLE!!,1460 S State St,Orem,UT,1240,1,1
Beautiful large 1 bed 1 bath!  We have specials!,1851 S Columbia Ln,Orem,UT,1050,1,1
Low Prices to move you in this week! Tour Today!,730 E 950 S,Orem,UT,1259,2,1
BRAND NEW 1 Bedroom in the Heart Of Orem!,875 S 700 E,Orem,UT,1079,1,1
755 s 560 e orem Men's basement private room,755 S 560 E,Orem,UT,470,1,1
Shared Townhome w/ Private Rooms for Females,759 E 1700 S,Orem,UT,390,4,3.5
Cottonwood 563,563 E 1500 S,Orem,UT,875,2,1
Tour Today! Lease Tomorrow! We have stuff ready!,730 E 950 S,Orem,UT,1079,1,1
STUNNING AND VERY SPACIOUS 2X2 MM TOWER!,1460 S State St,Orem,UT,1410,2,2
Single professional women housing,533 N 100 W,Provo,UT,550,3,1
Clean & updated Minutes to BYU & Provo City Center,242 N 500 W,Provo,UT,1020,1,1
3 Bed / 1 Bath in Provo - Av. August 7th!,792 W 100 N,Provo,UT,1365,3,1
Modern 2 bedroom 2 bathroom,255 S University Ave,Provo,UT,1598,2,2
Hurry Fast! New Flooring on this beautiful 2x2,750 S 650 W,Provo,UT,971,2,2
Beautiful Mountain Views. Heart of Provo!,750 S 650 W,Provo,UT,1017,2,1
3 Bedroom 1.5 Bath in Provo - Available 8/15,613 N 970 W,Provo,UT,1400,3,1.5
Cozy 1 Bedroom Pre leasing,750 S 650 W,Provo,UT,853,1,1
2 Bed/1 Bath Garden Level Duplex in Provo,2583 W 1520 N,Provo,UT,1200,2,1
2 bd/1 ba plus office duplex in Provo,349 W 300 S,Provo,UT,925,2,1
Downtown Apartments,255 S University Ave,Provo,UT,1598,2,2
Premium 1 Bedroom + Den Unit at High Line Square,480 Freedom Blvd 200 W,Provo,UT,1609,1,2
3 Bed 2 bath duplex in Provo,1124 W 650 N,Provo,UT,1300,3,2
Perfect 1 bedroom 1 bath apartment in Provo!,491 S Freedom Blvd,Provo,UT,875,1,1
2 Bed 1 Bath Apartment in Provo - Apt 6,950 W 200 S,Provo,UT,850,2,1
Three Bedroom Two Bath Available ASAP,750 S 650 W,Provo,UT,1117,3,2
Updated Home in the Heart of Provo,714 W 500 N,Provo,UT,1295,2,2
Modern Two-Bedroom at High Line Square,480 Freedom Blvd 200 W,Provo,UT,1529,2,2
Olson 832,832 S Stubbs Ave,Provo,UT,800,2,1
PRIVATE ROOMS IN RENOVATED DUPLEX,129 N 1100 W,Provo,UT,450,4,2
"Provo 4 bd 2 bath Home for Rent - $1,700.00",2787 W 880 N,Provo,UT,1700,4,2
Morrey Townhome,2952 W 1130 N,Provo,UT,1225,3,2
Perfect Provo Apartment in great location!,1906 N Geneva Rd,Provo,UT,995,2,2
2 Bed / 1 Bath in Provo - Available August 7th!,653 S Stubbs Ave,Provo,UT,899,2,1
Stonecrest at Timpanogos - 1 Bed / 1 Bath Units!,455 N 400 W,Provo,UT,959,1,1
Beautiful Brand New Studio,77 W 4800 N,Provo,UT,1029,0,1
Indy Ave 2043 - 3 Bed / 2.5 Bath Condo in Provo!,2043 W 1100 N,Provo,UT,1520,3,2.5
Two bedroom close to BYU,876 N University Ave,Provo,UT,875,2,1
Top Floor available Soon!,1200 Terrace Dr,Provo,UT,899,1,1
Falta Home 2821,2821 Marrcrest E,Provo,UT,1595,3,2.5
Amazing Deal In Provo,3666 Little Rock Ln,Provo,UT,2100,5,4
Love That Brand New Smell...,77 W 4800 N,Provo,UT,1349,2,2
Stunning Penthouse Unit with Beautiful Views,2655 N 140 E,Provo,UT,2495,3,3
Come and See-3 bed/1 bath in Provo,835 N 600 W,Provo,UT,1050,3,1
Male Student Housing: Private room available!,693 W 2050 N,Provo,UT,315,5,3
Brand New 1 Bedroom Available NOW!,77 W 4800 N,Provo,UT,1189,1,1
2 bed 2 bath Condo in NE Provo,4950 N University Ave,Provo,UT,1325,2,2
Available NOW! Pet Friendly!,1200 Terrace Dr,Provo,UT,899,1,1
Private Room Contract Available-BYU Women's Condo,947 N University Ave,Provo,UT,460,2,2
2+bd/2ba Condo-August 1st,1729 Willowbrook Dr,Provo,UT,1275,2,2
"2 bd/1.5 ba, Provo Duplex",621 W 1800 N,Provo,UT,1050,2,1.5
Pet Friendly! Ask about our specials!,1200 Terrace Dr,Provo,UT,899,1,1
No Security Deposit Option!!! Provo Condo Beauty!,5176 N University Ave,Provo,UT,1500,3,2
Private Room for Rent in Provo Duplex (Female),575 W 1850 N,Provo,UT,350,1,1
Morris Home,4325 Ivy Ln,Provo,UT,1800,4,3
END UNIT Spacious 3BD 2 1/2 Bath Condo,992 Independence Ave,Provo,UT,1500,3,2.5
University Studios in Provo - Available August 7!,98 W 880 N,Provo,UT,909,0,1
Beautiful Home in Best Location,1775 N Lambert Ln,Provo,UT,1500,3,2
1 BED / 1 BATH BASEMENT UNIT!,1458 N 300 W,Provo,UT,895,1,1
Come see your future home today ! $199 admin fee,1200 Terrace Dr,Provo,UT,899,1,1
Kuhni Home 938,938 S State St,Provo,UT,1100,4,1
Provo Home For Rent,921 Cinnamon Ridge Dr,Provo,UT,1600,3,2
Gilbert #3,2153 S State St,Provo,UT,900,2,1
BYU off-campus housing- Men's 2020-2021 Contract,668 E 500 N,Provo,UT,300,2,1
2 Bedroom 1 Bath Basement Apartment,729 E 150 S,Provo,UT,950,2,1
Private Women's Room in Spacious Provo Townhouse,1166 S 1410 E,Provo,UT,435,3,3
1 bd/1 ba Provo 4 plex AVAIL 8/1/20,174 E 500 N,Provo,UT,700,1,1
Beautiful 1 bedroom unit in Provo,544 E 200 S,Provo,UT,730,1,1
Female Student Housing- Fully furnished!,655 N 200 E,Provo,UT,340,2,1
Newer Energy Star Home Built in 2008 Near Downtown,445 E 200 S,Provo,UT,1900,3,2
Anderson 103,140 E 300 S,Provo,UT,925,2,1
211 E 100 N #3,211 E 100 N,Provo,UT,950,3,1
1bd/1ba Provo 3-plex – Avail September 1st,211 E 100 N,Provo,UT,875,1,1
Beautiful Townhome in Amazing Location!,2046 California Ave,Provo,UT,1525,4,2.5
Perfectly located 2 bed 1 bath in Provo,25 E 600 N,Provo,UT,900,2,1
Newly Updated Apartment Near BYU - 2Bed/1Bath,488 N 100 E,Provo,UT,995,2,1
Great Provo Apartment  For Rent,56 S 500 E,Provo,UT,1300,3,1.5
Anderson 102,140 E 300 S,Provo,UT,825,1,1
Brigham's Court #33,401 N 900 E,Provo,UT,925,2,1
Brigham's Court #13,401 N 900 E,Provo,UT,875,2,1
Autumnview Townhomes,1270 S State St,Provo,UT,1690,3,2.5
2 Bed / 1 Bath - The Sycamores on Provo Center St!,351 E Center St,Provo,UT,1015,2,1
Trembath Apt,2083 California Ave #D,Provo,UT,1000,3,1
Beautiful Mountainside Condo,1028 Canyon Vista Rd,Provo,UT,1495,3,2
Minutes from BYU & Provo City Center Remodeled Apt,1000 E Center St,Provo,UT,1100,2,1
Apartment for rent,247 N 200 E,Payson,UT,675,2,1
Ridgestone Condo 613,1045 S 1700 W,Payson,UT,1150,3,2
815 W. Sugar Maple Court,815 Sugar Ct,Payson,UT,1325,3,2.5
Super Clean Daylight Basement Apartment,665 W 1100 S,Payson,UT,975,2,1
Top Floor One Bed Apartment In The Quiet Country!,752 N 400 W,Payson,UT,1035,1,1
Mother in Law Apt,855 E 280 S,Payson,UT,1050,2,1
Large 2 Bed Apartment With Amazing Amenities!,752 N 400 W,Payson,UT,1280,2,2
House apartment,952 E 100 N,Payson,UT,1500,4,2
2 Bed Apartment With Open Floor Plan! Tour Today!,752 N 400 W,Payson,UT,1275,2,2
336 E 950 S Payson UT Townhouse,336 E 950 S,Payson,UT,1150,3,2.5
2 bed 2 bath Excellent Location Clean,207 S 400 W,Payson,UT,900,2,2
5 bd 2 bath house in payson,1093 S 730 W,Payson,UT,1800,5,2
Trailer for Rent,160 W 800 S,Payson,UT,650,2,1
Single/Student Housing in Payson,86 N 600 W,Payson,UT,400,2,1
Townhome Payson Utah,1198 S 1740 W,Payson,UT,1600,3,2.5
Rent to Own Condo in Payson,1045 S 1700 W,Payson,UT,1250,2,2
245 East Oak ridge Drive,245 E Oakridge Dr,Payson,UT,2900,4,2.5
3Bed 1Bath House,435 S 500 E,Payson,UT,1330,3,1
Large basement/ 2 Bedroom/ Access to the Outdoors,123 W High Sierra Dr,Payson,UT,1200,2,1
Salem Townhome,744 N 150 W,Salem,UT,1225,2,2.5
location location,460B S Oak Dr,Salem,UT,1150,1,1
3 Bedroom 1.5 Bathroom Apartment in Santaquin,156 S 300 E,Santaquin,UT,1150,3,1.5
Santaquin - 2 Bed/ 2 Bath basement apartment,742 N 420 W,Santaquin,UT,1200,2,2
Beautiful StoneRidge Plaza 3BD Condo for Rent,27 W Main St,Santaquin,UT,1000,3,2
"Beautiful 5 bedroom home in Santaquin, Utah",913 E 430 S,Santaquin,UT,2000,5,3
Beautiful 5BR 3BA in Spanish Fork,252 S 540 W,Spanish Fork,UT,1795,5,3
Beautiful 4BR 2BA home in Spanish Fork,1055 W 450 S,Spanish Fork,UT,1950,4,2
"Huge 3 bedroom, 2 bath apartment",368 N Diamond Fork Loop,Spanish Fork,UT,1155,3,2
Separate entry Move in TODAY pet ok,133 S 100 E,Spanish Fork,UT,895,0,2
Newly Remodeled Spanish Fork Apartment,42 E 300 S,Spanish Fork,UT,800,1,1
UT12381 Beautiful 4BR 3BA  Spanish Fork,2607 E 1620 S,Spanish Fork,UT,1795,4,3
Brand new Townhome,689 N 2560 E,Spanish Fork,UT,1575,3,2.5
Twin home in quiet cul-de-sac,733 E 660 N,Spanish Fork,UT,1200,3,1.5
"BEAUTIFUL AND SPACIOUS, 3 BED 3 BATH TOWNHOME!",1793 E 920 S,Spanish Fork,UT,1550,3,3
Private room for college students,630 E Center St (BSMT),Spanish Fork,UT,450,3,1
**Brand New** 2bed/1bath Basement Apartment,652 W 1550 S,Spanish Fork,UT,1000,2,1
Basement Apartment,1229 E 1000 S,Spanish Fork,UT,1200,2,1
Bed Room For Rent,2091 E 1400 S,Spanish Fork,UT,450,1,1
Remodeled 2 bed 1 bath Apartment,68 N 200 W,Spanish Fork,UT,950,2,1
Beautiful and Comfortable Town-home,724 N Blackhorse Loop,Spanish Fork,UT,1450,3,2.5
Female Roommate- $400 / mo. Incl's 1/2 bath,820 N 200 E,Spanish Fork,UT,400,5,2.5
"1 bedrm, 1 Den/guestrm, 1 bath luxury apartment",1345 S 2600 E,Spanish Fork,UT,1100,2,1
Lovely Home for Rent in Spanish Fork,1783 E 1130 S,Spanish Fork,UT,1650,4,4
Spacious Family Home,1413 E 100 S,Spanish Fork,UT,1650,5,3
Mother In-law Basement,1328 E 500 S,Spanish Fork,UT,1100,2,1
Basement Apartment,1385 E 550 S,Spanish Fork,UT,1000,2,1
Open House Sat Aug 1st 10-Noon,1034 W 520 S,Spanish Fork,UT,1300,3,2
Spanish Fork Rambler,2756 E 1520 S,Spanish Fork,UT,1500,5,2
Beautiful single family home in scenic Springville,374 E 1075 N,Springville,UT,1995,5,3
Salisbury Twinhome 197,197 W 1000 N,Springville,UT,1100,3,2
Great Patio View! Lease B-301!,664 S 2600 W,Springville,UT,1099,1,1
The Village on 4th Condos. Leasing for 8/21!,600 W 400 S,Springville,UT,1245,3,2
G-203 for August 21st!,664 S 2600 W,Springville,UT,1129,1,1
"Ready For Your Perfect Home, C-307?",664 S 2600 W,Springville,UT,1229,2,2
5 Bed town house in Springville,1078 E 200 S,Springville,UT,1600,5,3
"Only Steps Away From Your Mailbox, D-201!",664 S 2600 W,Springville,UT,1149,1,1
2 Bedroom Apartment - AVAILABLE NOW!,105 W 400 S,Springville,UT,895,2,1
"F-301, Spacious 1 Bedroom For August!",664 S 2600 W,Springville,UT,1199,1,1
3 Bedroom 1 Bathroom Apartment in Springville!,388 E 300 N,Springville,UT,850,3,1
darling 1 bed apt incl all utils.10 min 2 y 850.,500 S Main St,Springville,UT,850,1,1
Large home on large lot,684 E 1000 S,Springville,UT,1600,4,2.5
Duplex for Rent: Downstairs Apartment,1439 S 400 E,Springville,UT,1250,3,1
Cute 1 Bedroom Apartment Near Main Street,105 W 400 S,Springville,UT,795,1,1
$420 Men's Bdrm in Springville recently remodelled,1406 Spring Mountain Dr,Springville,UT,420,4,2
Family home by golf course in Springville,113 Hobble Creek Cyn,Springville,UT,2500,5,3
3 Bedroom 2 Bath Duplex with Garage in Springville,1940 S State St,Springville,UT,1300,3,2
Private Men's Room for Rent $450 utilities/paid,1507 N 150 E,Springville,UT,450,3,2.5
Large Main Level Condo\Available October,224 S 550 W,Springville,UT,1400,3,2
Available September,515 E Center St,Springville,UT,1300,3,1
Owner,1575 W 1600 S,Springville,UT,1000,1,1
Springville Townhouse,134 W 300 N,Springville,UT,1200,3,2
"6 Bed 3 Bath Energy Star Home, moving truck paid 4",1368 S 625 E,Springville,UT,2300,6,3
Springville studio for rent utilities included,193 E 200 N,Springville,UT,725,1,1
Mapleton home in quiet cul-de-sac,632 N 900 E,Mapleton,UT,2500,5,3.5
2-Bedroom Apartment,1351 N 800 W,Mapleton,UT,1200,2,1
